Battles,RollingWin,OverallWin,Epsilon,Speed,AvgReward,TableSize
100,0.0300,0.0300,0.9981,8.1,-0.9438,2804
200,0.0500,0.0400,0.9962,8.2,-0.8990,5374
300,0.0500,0.0433,0.9943,8.1,-0.9046,7863
400,0.0700,0.0500,0.9924,8.1,-0.8580,10322
500,0.0500,0.0500,0.9905,8.1,-0.9017,12648
600,0.0300,0.0467,0.9886,8.1,-0.9367,14900
700,0.0800,0.0514,0.9867,8.1,-0.8413,17148
800,0.0400,0.0500,0.9848,8.1,-0.9156,19128
900,0.0600,0.0511,0.9829,8.1,-0.8843,21128
1000,0.0700,0.0530,0.9810,8.1,-0.8606,23123
1100,0.0400,0.0518,0.9791,8.2,-0.9211,25079
1200,0.0500,0.0517,0.9772,8.1,-0.8980,27068
1300,0.0700,0.0531,0.9753,8.1,-0.8617,29051
1400,0.0400,0.0521,0.9734,8.0,-0.9191,30964
1500,0.0400,0.0513,0.9715,8.0,-0.9223,32812
1600,0.0500,0.0512,0.9696,8.0,-0.8991,34395
1700,0.0500,0.0512,0.9677,8.0,-0.8972,36170
1800,0.0600,0.0517,0.9658,8.0,-0.8820,37975
1900,0.0300,0.0505,0.9639,8.0,-0.9376,39833
2000,0.0900,0.0525,0.9620,8.0,-0.8227,41531
2100,0.0700,0.0533,0.9601,8.0,-0.8646,43117
2200,0.0600,0.0536,0.9582,8.1,-0.8798,44756
2300,0.0900,0.0552,0.9563,7.9,-0.8184,46498
2400,0.0600,0.0554,0.9544,7.8,-0.8833,48174
2500,0.0800,0.0564,0.9525,7.9,-0.8389,49764
2600,0.0600,0.0565,0.9506,7.9,-0.8725,51370
2700,0.0800,0.0574,0.9487,8.0,-0.8490,52970
2800,0.0600,0.0575,0.9468,7.9,-0.8787,54521
2900,0.0600,0.0576,0.9449,7.9,-0.8798,56210
3000,0.0600,0.0577,0.9430,8.0,-0.8790,57717
3100,0.0400,0.0571,0.9411,8.0,-0.9186,59266
3200,0.0500,0.0569,0.9392,7.9,-0.9053,60928
3300,0.0300,0.0561,0.9373,8.0,-0.9380,62302
3400,0.0500,0.0562,0.9354,7.9,-0.8996,63913
3500,0.0500,0.0560,0.9335,7.9,-0.8980,65382
3600,0.0500,0.0558,0.9316,8.0,-0.9014,66817
3700,0.0700,0.0562,0.9297,8.0,-0.8613,68264
3800,0.1300,0.0582,0.9278,7.9,-0.7369,69766
3900,0.0600,0.0582,0.9259,7.9,-0.8795,71256
4000,0.0500,0.0580,0.9240,8.0,-0.9009,72620
4100,0.0600,0.0580,0.9221,7.8,-0.8869,74054
4200,0.0700,0.0583,0.9202,8.1,-0.8577,75614
4300,0.0500,0.0581,0.9183,8.0,-0.9003,77048
4400,0.0500,0.0580,0.9164,8.1,-0.9031,78349
4500,0.0900,0.0587,0.9145,7.9,-0.8182,79814
4600,0.0500,0.0585,0.9126,7.9,-0.9022,81142
4700,0.0800,0.0589,0.9107,7.9,-0.8328,82601
4800,0.0900,0.0596,0.9088,7.9,-0.8250,83948
4900,0.0300,0.0590,0.9069,7.8,-0.9394,85373
5000,0.1100,0.0600,0.9050,7.9,-0.7737,86778
5100,0.0500,0.0598,0.9031,7.9,-0.9067,88089
5200,0.0300,0.0592,0.9012,7.8,-0.9390,89478
5300,0.0700,0.0594,0.8993,7.9,-0.8588,90763
5400,0.1200,0.0606,0.8974,7.9,-0.7627,92027
5500,0.1100,0.0615,0.8955,7.9,-0.7774,93342
5600,0.0800,0.0618,0.8936,7.9,-0.8427,94499
5700,0.0800,0.0621,0.8917,8.0,-0.8402,95813
5800,0.0600,0.0621,0.8898,7.9,-0.8817,97116
5900,0.0400,0.0617,0.8879,7.9,-0.9179,98476
6000,0.0600,0.0617,0.8860,7.9,-0.8789,99760
6100,0.0800,0.0620,0.8841,7.9,-0.8468,101106
6200,0.1200,0.0629,0.8822,8.1,-0.7571,102345
6300,0.1100,0.0637,0.8803,8.1,-0.7773,103482
6400,0.0500,0.0634,0.8784,8.1,-0.9045,104723
6500,0.0900,0.0638,0.8765,8.1,-0.8170,106037
6600,0.1000,0.0644,0.8746,8.1,-0.8012,107174
6700,0.0900,0.0648,0.8727,8.0,-0.8217,108485
6800,0.0900,0.0651,0.8708,8.0,-0.8192,109818
6900,0.0600,0.0651,0.8689,7.8,-0.8795,111098
7000,0.0700,0.0651,0.8670,7.9,-0.8603,112223
7100,0.1500,0.0663,0.8651,7.9,-0.7007,113464
7200,0.0700,0.0664,0.8632,7.9,-0.8586,114650
7300,0.0500,0.0662,0.8613,8.0,-0.8953,115891
7400,0.0700,0.0664,0.8594,7.9,-0.8642,117215
7500,0.0300,0.0659,0.8575,7.9,-0.9418,118317
7600,0.0700,0.0659,0.8556,7.9,-0.8574,119444
7700,0.1200,0.0666,0.8537,8.0,-0.7620,120743
7800,0.0700,0.0667,0.8518,7.9,-0.8609,121856
7900,0.0600,0.0666,0.8499,7.9,-0.8791,122961
8000,0.0800,0.0668,0.8480,8.0,-0.8374,124061
8100,0.1000,0.0672,0.8461,7.8,-0.8051,125248
8200,0.1400,0.0680,0.8442,7.8,-0.7198,126351
8300,0.0900,0.0683,0.8423,7.7,-0.8189,127533
8400,0.0300,0.0679,0.8404,7.8,-0.9421,128700
8500,0.0500,0.0676,0.8385,7.9,-0.9001,129767
8600,0.1000,0.0680,0.8366,7.9,-0.8004,130906
8700,0.0900,0.0683,0.8347,7.9,-0.8184,132092
8800,0.1100,0.0688,0.8328,7.9,-0.7828,133350
8900,0.0800,0.0689,0.8309,7.8,-0.8359,134488
9000,0.0900,0.0691,0.8290,7.9,-0.8227,135594
9100,0.0800,0.0692,0.8271,8.0,-0.8377,136682
9200,0.0800,0.0693,0.8252,8.0,-0.8411,137749
9300,0.0800,0.0695,0.8233,8.0,-0.8405,138818
9400,0.0500,0.0693,0.8214,8.0,-0.8987,139987
9500,0.0500,0.0691,0.8195,8.0,-0.9019,141112
9600,0.0800,0.0692,0.8176,8.0,-0.8366,142144
9700,0.0700,0.0692,0.8157,8.0,-0.8622,143248
9800,0.0800,0.0693,0.8138,8.0,-0.8406,144368
9900,0.1000,0.0696,0.8119,8.0,-0.8025,145416
10000,0.1000,0.0699,0.8100,8.0,-0.7983,146555
10100,0.0800,0.0700,0.8081,8.0,-0.8449,147627
10200,0.1100,0.0704,0.8062,8.1,-0.7824,148584
10300,0.1200,0.0709,0.8043,8.2,-0.7578,149516
10400,0.0700,0.0709,0.8024,8.2,-0.8610,150511
10500,0.0800,0.0710,0.8005,8.2,-0.8379,151566
10600,0.0600,0.0708,0.7986,8.1,-0.8819,152585
10700,0.1300,0.0714,0.7967,8.2,-0.7401,153688
10800,0.0600,0.0713,0.7948,8.1,-0.8797,154780
10900,0.0700,0.0713,0.7929,8.1,-0.8577,155802
11000,0.0900,0.0715,0.7910,8.0,-0.8216,156863
11100,0.0500,0.0713,0.7891,8.0,-0.8988,157981
11200,0.0700,0.0712,0.7872,7.9,-0.8563,158951
11300,0.0900,0.0714,0.7853,8.0,-0.8251,159995
11400,0.0600,0.0713,0.7834,8.0,-0.8783,161055
11500,0.0900,0.0715,0.7815,7.9,-0.8220,161960
11600,0.0800,0.0716,0.7796,7.9,-0.8387,162958
11700,0.0900,0.0717,0.7777,8.0,-0.8211,163875
11800,0.1000,0.0719,0.7758,7.9,-0.8008,164963
11900,0.1200,0.0724,0.7739,7.9,-0.7587,166066
12000,0.0900,0.0725,0.7720,7.9,-0.8232,167004
12100,0.0700,0.0725,0.7701,7.8,-0.8660,168058
12200,0.0700,0.0725,0.7682,7.9,-0.8588,169083
12300,0.0600,0.0724,0.7663,7.7,-0.8781,170038
12400,0.1100,0.0727,0.7644,7.8,-0.7794,171018
12500,0.0500,0.0725,0.7625,7.9,-0.9033,171969
12600,0.1000,0.0727,0.7606,7.9,-0.7989,172859
12700,0.1100,0.0730,0.7587,7.8,-0.7800,174020
12800,0.0600,0.0729,0.7568,7.9,-0.8825,174999
12900,0.0800,0.0729,0.7549,7.9,-0.8398,176089
13000,0.1100,0.0732,0.7530,7.9,-0.7781,177109
13100,0.0600,0.0731,0.7511,7.9,-0.8815,178059
13200,0.0700,0.0731,0.7492,7.9,-0.8578,179024
13300,0.0900,0.0732,0.7473,8.0,-0.8141,179993
13400,0.1100,0.0735,0.7454,7.9,-0.7890,180888
13500,0.0800,0.0736,0.7435,7.9,-0.8383,181855
13600,0.0800,0.0736,0.7416,7.9,-0.8379,182928
13700,0.0800,0.0736,0.7397,7.8,-0.8436,183788
13800,0.1000,0.0738,0.7378,7.9,-0.7952,184724
13900,0.0800,0.0739,0.7359,7.9,-0.8417,185648
14000,0.0400,0.0736,0.7340,7.9,-0.9248,186662
14100,0.1100,0.0738,0.7321,7.3,-0.7856,187691
14200,0.1100,0.0741,0.7302,7.8,-0.7790,188557
14300,0.0600,0.0740,0.7283,7.7,-0.8788,189629
14400,0.1000,0.0742,0.7264,7.7,-0.8037,190601
14500,0.0600,0.0741,0.7245,7.8,-0.8792,191593
14600,0.1200,0.0744,0.7226,7.7,-0.7605,192614
14700,0.1100,0.0747,0.7207,7.6,-0.7805,193827
14800,0.1600,0.0753,0.7188,7.8,-0.6734,194726
14900,0.1000,0.0754,0.7169,7.7,-0.8042,195727
15000,0.0700,0.0754,0.7150,7.8,-0.8597,196595
15100,0.1600,0.0760,0.7131,7.7,-0.6795,197509
15200,0.1000,0.0761,0.7112,7.8,-0.8028,198395
15300,0.0800,0.0761,0.7093,7.8,-0.8386,199434
15400,0.1300,0.0765,0.7074,7.7,-0.7384,200431
15500,0.1100,0.0767,0.7055,7.7,-0.7819,201395
15600,0.1000,0.0769,0.7036,7.8,-0.8010,202277
15700,0.1200,0.0771,0.7017,7.8,-0.7575,203125
15800,0.2000,0.0779,0.6998,7.8,-0.6028,204094
15900,0.1500,0.0784,0.6979,7.8,-0.6974,204971
16000,0.1400,0.0788,0.6960,7.8,-0.7192,205913
16100,0.1100,0.0790,0.6941,7.5,-0.7876,206881
16200,0.1500,0.0794,0.6922,7.8,-0.6976,207738
16300,0.1300,0.0798,0.6903,7.8,-0.7396,208630
16400,0.0900,0.0798,0.6884,7.9,-0.8164,209558
16500,0.1000,0.0799,0.6865,7.8,-0.8062,210438
16600,0.1600,0.0804,0.6846,7.8,-0.6788,211385
16700,0.1000,0.0806,0.6827,7.7,-0.7989,212356
16800,0.1400,0.0810,0.6808,7.7,-0.7202,213261
16900,0.1100,0.0811,0.6789,7.7,-0.7753,214140
17000,0.0600,0.0810,0.6770,7.7,-0.8844,215049
17100,0.1300,0.0813,0.6751,7.7,-0.7409,215982
17200,0.1800,0.0819,0.6732,7.7,-0.6393,216807
17300,0.1100,0.0820,0.6713,7.7,-0.7804,217826
17400,0.2000,0.0827,0.6694,7.6,-0.5970,218670
17500,0.0400,0.0825,0.6675,7.7,-0.9223,219515
17600,0.2000,0.0831,0.6656,7.7,-0.5993,220419
17700,0.1100,0.0833,0.6637,7.6,-0.7798,221318
17800,0.1300,0.0835,0.6618,7.7,-0.7425,222226
17900,0.1700,0.0840,0.6599,7.7,-0.6549,223041
18000,0.1000,0.0841,0.6580,7.7,-0.8011,223954
18100,0.1100,0.0843,0.6561,7.5,-0.7846,224932
18200,0.1400,0.0846,0.6542,7.7,-0.7202,225725
18300,0.1000,0.0846,0.6523,7.6,-0.7987,226615
18400,0.1300,0.0849,0.6504,7.7,-0.7418,227422
18500,0.0800,0.0849,0.6485,7.7,-0.8399,228323
18600,0.1100,0.0850,0.6466,7.7,-0.7759,229223
18700,0.0900,0.0850,0.6447,7.7,-0.8253,230105
18800,0.0700,0.0849,0.6428,7.7,-0.8590,231026
18900,0.1800,0.0854,0.6409,7.6,-0.6357,231916
19000,0.1100,0.0856,0.6390,7.7,-0.7838,232774
19100,0.1200,0.0858,0.6371,7.7,-0.7591,233687
19200,0.0700,0.0857,0.6352,7.7,-0.8610,234472
19300,0.1400,0.0860,0.6333,7.8,-0.7189,235208
19400,0.0900,0.0860,0.6314,7.7,-0.8208,236129
19500,0.1100,0.0862,0.6295,7.7,-0.7833,237046
19600,0.1100,0.0863,0.6276,7.7,-0.7746,237910
19700,0.1300,0.0865,0.6257,7.7,-0.7402,238784
19800,0.0900,0.0865,0.6238,7.7,-0.8201,239624
19900,0.1200,0.0867,0.6219,7.7,-0.7632,240455
20000,0.1700,0.0871,0.6200,7.7,-0.6566,241269
20100,0.1100,0.0872,0.6181,7.7,-0.7874,242085
20200,0.1000,0.0873,0.6162,7.6,-0.7973,242939
20300,0.1100,0.0874,0.6143,7.7,-0.7761,243680
20400,0.1300,0.0876,0.6124,7.7,-0.7415,244601
20500,0.1400,0.0879,0.6105,7.7,-0.7230,245456
20600,0.1500,0.0882,0.6086,7.7,-0.7011,246382
20700,0.1500,0.0886,0.6067,7.7,-0.6987,247256
20800,0.1700,0.0889,0.6048,7.7,-0.6589,248007
20900,0.1400,0.0892,0.6029,7.6,-0.7206,248910
21000,0.1500,0.0895,0.6010,7.7,-0.6982,249868
21100,0.1700,0.0899,0.5991,7.6,-0.6582,250603
21200,0.1500,0.0901,0.5972,7.6,-0.7047,251475
21300,0.1400,0.0904,0.5953,7.7,-0.7176,252315
21400,0.2000,0.0909,0.5934,7.6,-0.5992,253018
21500,0.1400,0.0911,0.5915,7.7,-0.7226,253781
21600,0.1600,0.0914,0.5896,7.7,-0.6792,254577
21700,0.1300,0.0916,0.5877,7.7,-0.7418,255407
21800,0.1600,0.0919,0.5858,7.7,-0.6775,256283
21900,0.1400,0.0921,0.5839,7.7,-0.7200,257125
22000,0.1200,0.0923,0.5820,7.7,-0.7549,257972
22100,0.1500,0.0926,0.5801,7.1,-0.7046,258791
22200,0.1400,0.0928,0.5782,7.6,-0.7215,259586
22300,0.1600,0.0931,0.5763,7.5,-0.6765,260389
22400,0.1900,0.0935,0.5744,7.6,-0.6223,261140
22500,0.1300,0.0937,0.5725,7.7,-0.7381,261918
22600,0.1000,0.0937,0.5706,7.7,-0.7982,262762
22700,0.1900,0.0941,0.5687,7.6,-0.6226,263596
22800,0.1100,0.0942,0.5668,7.7,-0.7807,264360
22900,0.0900,0.0942,0.5649,7.7,-0.8207,265138
23000,0.1700,0.0945,0.5630,7.7,-0.6573,266035
23100,0.1900,0.0949,0.5611,7.6,-0.6212,266958
23200,0.1300,0.0951,0.5592,7.6,-0.7397,267710
23300,0.2100,0.0956,0.5573,7.7,-0.5793,268508
23400,0.1700,0.0959,0.5554,7.6,-0.6640,269368
23500,0.1300,0.0960,0.5535,7.6,-0.7362,270190
23600,0.1500,0.0963,0.5516,7.7,-0.7022,270981
23700,0.1700,0.0966,0.5497,7.6,-0.6576,271856
23800,0.1000,0.0966,0.5478,7.6,-0.7997,272688
23900,0.1400,0.0968,0.5459,7.6,-0.7236,273442
24000,0.0900,0.0968,0.5440,7.7,-0.8197,274167
24100,0.1900,0.0972,0.5421,7.5,-0.6258,275069
24200,0.1500,0.0974,0.5402,7.3,-0.6999,275929
24300,0.0900,0.0974,0.5383,7.5,-0.8200,276695
24400,0.2200,0.0979,0.5364,7.6,-0.5568,277397
24500,0.0800,0.0978,0.5345,7.6,-0.8408,278137
24600,0.1500,0.0980,0.5326,7.7,-0.7021,278920
24700,0.1500,0.0982,0.5307,7.7,-0.7015,279673
24800,0.1000,0.0982,0.5288,7.8,-0.7959,280435
24900,0.1800,0.0986,0.5269,7.7,-0.6401,281229
25000,0.1700,0.0989,0.5250,7.7,-0.6647,281971
25100,0.2000,0.0993,0.5231,7.7,-0.5985,282676
25200,0.1300,0.0994,0.5212,7.7,-0.7389,283404
25300,0.1500,0.0996,0.5193,7.8,-0.7008,284167
25400,0.2000,0.1000,0.5174,7.7,-0.5978,284936
25500,0.1400,0.1002,0.5155,7.7,-0.7208,285749
25600,0.1300,0.1003,0.5136,7.7,-0.7354,286451
25700,0.1800,0.1006,0.5117,7.7,-0.6457,287235
25800,0.1500,0.1008,0.5098,7.7,-0.6978,287973
25900,0.1500,0.1010,0.5079,7.7,-0.7021,288663
26000,0.2200,0.1014,0.5060,7.7,-0.5599,289355
26100,0.1900,0.1017,0.5041,7.1,-0.6229,290164
26200,0.2100,0.1021,0.5022,7.3,-0.5808,290947
26300,0.1900,0.1025,0.5003,7.4,-0.6233,291654
26400,0.1800,0.1028,0.4984,7.6,-0.6359,292308
26500,0.2100,0.1032,0.4965,7.6,-0.5827,293029
26600,0.1800,0.1035,0.4946,7.7,-0.6386,293766
26700,0.1600,0.1037,0.4927,7.6,-0.6819,294566
26800,0.1200,0.1037,0.4908,7.6,-0.7590,295305
26900,0.2300,0.1042,0.4889,7.6,-0.5403,296108
27000,0.1600,0.1044,0.4870,7.6,-0.6798,296921
27100,0.1800,0.1047,0.4851,7.6,-0.6395,297626
27200,0.1600,0.1049,0.4832,7.6,-0.6802,298272
27300,0.1100,0.1049,0.4813,7.6,-0.7787,299057
27400,0.1300,0.1050,0.4794,7.6,-0.7409,299787
27500,0.1400,0.1052,0.4775,7.6,-0.7207,300425
27600,0.1700,0.1054,0.4756,7.6,-0.6576,301132
27700,0.1800,0.1057,0.4737,7.6,-0.6394,301807
27800,0.1500,0.1058,0.4718,7.5,-0.7033,302618
27900,0.1900,0.1061,0.4699,7.5,-0.6168,303386
28000,0.1400,0.1062,0.4680,7.5,-0.7223,304075
28100,0.2600,0.1068,0.4661,7.3,-0.4828,304830
28200,0.1600,0.1070,0.4642,7.2,-0.6791,305627
28300,0.2200,0.1073,0.4623,7.4,-0.5578,306380
28400,0.1900,0.1076,0.4604,7.4,-0.6238,307127
28500,0.1800,0.1079,0.4585,7.4,-0.6414,307826
28600,0.1400,0.1080,0.4566,7.4,-0.7201,308539
28700,0.1600,0.1083,0.4547,7.4,-0.6725,309237
28800,0.2100,0.1086,0.4528,7.4,-0.5849,309993
28900,0.1500,0.1088,0.4509,7.3,-0.7033,310812
29000,0.1700,0.1090,0.4490,7.4,-0.6617,311483
29100,0.2400,0.1094,0.4471,7.3,-0.5158,312207
29200,0.2000,0.1097,0.4452,7.4,-0.5966,312871
29300,0.2000,0.1100,0.4433,7.4,-0.6059,313545
29400,0.2100,0.1104,0.4414,7.4,-0.5769,314166
29500,0.2100,0.1107,0.4395,7.4,-0.5836,314863
29600,0.1600,0.1109,0.4376,7.4,-0.6763,315531
29700,0.2400,0.1113,0.4357,7.4,-0.5225,316233
29800,0.2600,0.1118,0.4338,7.4,-0.4740,316880
29900,0.1600,0.1120,0.4319,7.4,-0.6860,317628
30000,0.1700,0.1122,0.4300,7.4,-0.6576,318390
30100,0.2300,0.1126,0.4281,7.4,-0.5439,319177
30200,0.2300,0.1130,0.4262,7.5,-0.5399,319837
30300,0.1800,0.1132,0.4243,7.5,-0.6371,320506
30400,0.2000,0.1135,0.4224,7.5,-0.6019,321241
30500,0.2800,0.1140,0.4205,7.5,-0.4401,321868
30600,0.1700,0.1142,0.4186,7.5,-0.6613,322626
30700,0.2400,0.1147,0.4167,7.4,-0.5204,323360
30800,0.1400,0.1147,0.4148,7.5,-0.7229,324038
30900,0.1900,0.1150,0.4129,7.4,-0.6150,324697
31000,0.1900,0.1152,0.4110,7.4,-0.6216,325384
31100,0.2800,0.1158,0.4091,7.4,-0.4353,326024
31200,0.3200,0.1164,0.4072,7.4,-0.3655,326641
31300,0.2000,0.1167,0.4053,7.4,-0.5978,327338
31400,0.2700,0.1172,0.4034,7.3,-0.4602,328072
31500,0.1900,0.1174,0.4015,7.4,-0.6226,328764
31600,0.2900,0.1179,0.3996,7.4,-0.4182,329390
31700,0.1800,0.1181,0.3977,7.3,-0.6413,330150
31800,0.2000,0.1184,0.3958,7.4,-0.6008,330818
31900,0.1700,0.1186,0.3939,7.4,-0.6575,331472
32000,0.2300,0.1189,0.3920,7.4,-0.5379,332166
32100,0.2600,0.1193,0.3901,7.5,-0.4850,332749
32200,0.1700,0.1195,0.3882,7.4,-0.6603,333488
32300,0.2100,0.1198,0.3863,7.3,-0.5770,334155
32400,0.2200,0.1201,0.3844,7.3,-0.5622,334859
32500,0.1800,0.1203,0.3825,7.4,-0.6394,335516
32600,0.2100,0.1206,0.3806,7.3,-0.5768,336256
32700,0.1900,0.1208,0.3787,7.2,-0.6201,336957
32800,0.2400,0.1211,0.3768,7.3,-0.5170,337619
32900,0.1900,0.1213,0.3749,7.3,-0.6261,338224
33000,0.2300,0.1217,0.3730,7.3,-0.5379,338990
33100,0.2700,0.1221,0.3711,7.3,-0.4608,339734
33200,0.2000,0.1224,0.3692,7.3,-0.6017,340329
33300,0.2400,0.1227,0.3673,7.4,-0.5192,340983
33400,0.2600,0.1231,0.3654,7.3,-0.4754,341579
33500,0.2100,0.1234,0.3635,7.3,-0.5847,342199
33600,0.1400,0.1235,0.3616,7.3,-0.7219,342881
33700,0.1800,0.1236,0.3597,7.3,-0.6370,343443
33800,0.2900,0.1241,0.3578,7.3,-0.4213,344196
33900,0.2200,0.1244,0.3559,7.3,-0.5540,344807
34000,0.1600,0.1245,0.3540,7.3,-0.6856,345428
34100,0.1800,0.1247,0.3521,7.5,-0.6427,346049
34200,0.2000,0.1249,0.3502,7.6,-0.5999,346632
34300,0.1900,0.1251,0.3483,7.6,-0.6232,347313
34400,0.2300,0.1254,0.3464,7.5,-0.5382,347990
34500,0.3200,0.1259,0.3445,7.5,-0.3637,348667
34600,0.2000,0.1262,0.3426,7.5,-0.6008,349219
34700,0.3000,0.1267,0.3407,7.3,-0.3964,349907
34800,0.2700,0.1271,0.3388,7.4,-0.4593,350513
34900,0.2300,0.1274,0.3369,7.3,-0.5400,351095
35000,0.1900,0.1275,0.3350,7.4,-0.6186,351748
35100,0.2400,0.1279,0.3331,7.3,-0.5219,352492
35200,0.2700,0.1283,0.3312,7.3,-0.4563,353146
35300,0.2300,0.1286,0.3293,7.3,-0.5431,353761
35400,0.2200,0.1288,0.3274,7.3,-0.5588,354487
35500,0.2300,0.1291,0.3255,7.3,-0.5416,355092
35600,0.2100,0.1293,0.3236,7.4,-0.5757,355700
35700,0.2600,0.1297,0.3217,7.3,-0.4835,356323
35800,0.3100,0.1302,0.3198,7.3,-0.3791,357001
35900,0.2400,0.1305,0.3179,7.3,-0.5231,357532
36000,0.1900,0.1307,0.3160,7.3,-0.6178,358156
36100,0.1800,0.1308,0.3141,6.8,-0.6450,358845
36200,0.2100,0.1310,0.3122,7.4,-0.5777,359472
36300,0.3000,0.1315,0.3103,7.3,-0.3983,360142
36400,0.1500,0.1316,0.3084,7.3,-0.7019,360795
36500,0.2600,0.1319,0.3065,7.3,-0.4796,361443
36600,0.2900,0.1323,0.3046,7.3,-0.4168,362156
36700,0.2700,0.1328,0.3027,7.3,-0.4652,362739
36800,0.2200,0.1330,0.3008,7.3,-0.5550,363429
36900,0.3100,0.1335,0.2989,7.3,-0.3852,363892
37000,0.2800,0.1339,0.2970,7.3,-0.4390,364627
37100,0.2900,0.1343,0.2951,7.3,-0.4210,365194
37200,0.2100,0.1345,0.2932,7.4,-0.5808,365760
37300,0.2500,0.1348,0.2913,7.4,-0.4981,366361
37400,0.2700,0.1352,0.2894,7.3,-0.4601,367066
37500,0.2900,0.1356,0.2875,7.3,-0.4198,367692
37600,0.2800,0.1360,0.2856,7.4,-0.4415,368342
37700,0.1900,0.1361,0.2837,7.3,-0.6158,368894
37800,0.4000,0.1368,0.2818,7.3,-0.2002,369527
37900,0.2700,0.1372,0.2799,7.4,-0.4653,370216
38000,0.1900,0.1373,0.2780,7.4,-0.6164,370805
38100,0.2800,0.1377,0.2761,6.9,-0.4428,371365
38200,0.2300,0.1379,0.2742,7.3,-0.5356,371925
38300,0.2300,0.1381,0.2723,7.3,-0.5487,372473
38400,0.2900,0.1385,0.2704,7.3,-0.4201,373114
38500,0.2900,0.1390,0.2685,7.2,-0.4167,373698
38600,0.3500,0.1395,0.2666,7.2,-0.3000,374260
38700,0.3400,0.1400,0.2647,7.2,-0.3168,374849
38800,0.2500,0.1403,0.2628,7.3,-0.5030,375427
38900,0.2400,0.1406,0.2609,7.3,-0.5202,376037
39000,0.2400,0.1408,0.2590,7.4,-0.5185,376672
39100,0.2300,0.1410,0.2571,7.3,-0.5413,377295
39200,0.3300,0.1415,0.2552,7.3,-0.3420,377948
39300,0.3300,0.1420,0.2533,7.3,-0.3394,378486
39400,0.3400,0.1425,0.2514,7.3,-0.3160,379071
39500,0.2400,0.1428,0.2495,7.3,-0.5240,379743
39600,0.2600,0.1431,0.2476,7.3,-0.4759,380271
39700,0.3200,0.1435,0.2457,7.3,-0.3553,380760
39800,0.2900,0.1439,0.2438,7.3,-0.4275,381229
39900,0.2900,0.1442,0.2419,7.3,-0.4224,381868
40000,0.2300,0.1445,0.2400,7.2,-0.5377,382460
40100,0.2500,0.1448,0.2381,7.2,-0.5037,383111
40200,0.2500,0.1450,0.2362,7.3,-0.5020,383686
40300,0.2200,0.1452,0.2343,7.3,-0.5598,384205
40400,0.2100,0.1454,0.2324,7.3,-0.5771,384742
40500,0.3000,0.1458,0.2305,7.3,-0.3979,385329
40600,0.2700,0.1461,0.2286,7.3,-0.4638,385844
40700,0.3700,0.1466,0.2267,7.2,-0.2568,386558
40800,0.2400,0.1469,0.2248,7.3,-0.5215,387163
40900,0.3000,0.1473,0.2229,7.3,-0.4011,387778
41000,0.2800,0.1476,0.2210,7.3,-0.4343,388327
41100,0.3000,0.1480,0.2191,7.3,-0.4048,388950
41200,0.3400,0.1484,0.2172,7.3,-0.3181,389616
41300,0.3600,0.1490,0.2153,7.2,-0.2829,390240
41400,0.2800,0.1493,0.2134,7.2,-0.4389,390852
41500,0.3000,0.1496,0.2115,7.2,-0.4011,391475
41600,0.3100,0.1500,0.2096,7.2,-0.3828,392057
41700,0.3800,0.1506,0.2077,7.2,-0.2358,392603
41800,0.3900,0.1511,0.2058,7.3,-0.2215,393161
41900,0.2800,0.1515,0.2039,7.3,-0.4420,393644
42000,0.3900,0.1520,0.2020,7.2,-0.2167,394157
42100,0.2900,0.1523,0.2001,7.2,-0.4207,394651
42200,0.3000,0.1527,0.1982,7.4,-0.4054,395253
42300,0.3100,0.1530,0.1963,7.4,-0.3793,395806
42400,0.2900,0.1534,0.1944,7.5,-0.4169,396380
42500,0.3400,0.1538,0.1925,7.5,-0.3212,396905
42600,0.2500,0.1540,0.1906,7.5,-0.5026,397460
42700,0.2600,0.1543,0.1887,7.4,-0.4823,398027
42800,0.3100,0.1546,0.1868,7.5,-0.3752,398521
42900,0.2700,0.1549,0.1849,7.4,-0.4617,399078
43000,0.3500,0.1554,0.1830,7.5,-0.3016,399543
43100,0.2500,0.1556,0.1811,7.4,-0.4969,400158
43200,0.2900,0.1559,0.1792,7.4,-0.4185,400709
43300,0.3000,0.1563,0.1773,7.3,-0.3988,401180
43400,0.2700,0.1565,0.1754,7.3,-0.4624,401701
43500,0.2800,0.1568,0.1735,7.4,-0.4390,402232
43600,0.3300,0.1572,0.1716,7.3,-0.3437,402793
43700,0.2900,0.1575,0.1697,7.3,-0.4184,403308
43800,0.3800,0.1580,0.1678,7.4,-0.2377,403796
43900,0.3100,0.1584,0.1659,7.4,-0.3804,404357
44000,0.3500,0.1588,0.1640,7.3,-0.3052,404917
44100,0.3300,0.1592,0.1621,6.7,-0.3441,405395
44200,0.3500,0.1596,0.1602,7.0,-0.3028,405851
44300,0.3200,0.1600,0.1583,7.3,-0.3523,406294
44400,0.3300,0.1604,0.1564,7.3,-0.3422,406863
44500,0.3200,0.1607,0.1545,7.3,-0.3635,407383
44600,0.2800,0.1610,0.1526,7.2,-0.4375,407914
44700,0.3200,0.1613,0.1507,7.1,-0.3601,408542
44800,0.3200,0.1617,0.1488,7.0,-0.3617,409138
44900,0.4100,0.1622,0.1469,7.1,-0.1783,409594
45000,0.3100,0.1626,0.1450,7.2,-0.3832,410199
45100,0.3700,0.1630,0.1431,7.1,-0.2537,410685
45200,0.3300,0.1634,0.1412,7.2,-0.3478,411205
45300,0.3100,0.1637,0.1393,7.1,-0.3750,411731
45400,0.3400,0.1641,0.1374,7.1,-0.3229,412266
45500,0.4500,0.1647,0.1355,7.2,-0.0973,412720
45600,0.3300,0.1651,0.1336,7.1,-0.3385,413186
45700,0.3700,0.1656,0.1317,7.2,-0.2626,413625
45800,0.3300,0.1659,0.1298,7.2,-0.3410,414186
45900,0.3900,0.1664,0.1279,7.2,-0.2117,414782
46000,0.2600,0.1666,0.1260,7.1,-0.4868,415380
46100,0.3400,0.1670,0.1241,7.0,-0.3228,415908
46200,0.4000,0.1675,0.1222,6.9,-0.1997,416424
46300,0.3100,0.1678,0.1203,7.1,-0.3803,416960
46400,0.3200,0.1681,0.1184,7.0,-0.3597,417481
46500,0.3700,0.1686,0.1165,7.1,-0.2634,417921
46600,0.3900,0.1690,0.1146,7.1,-0.2131,418479
46700,0.3900,0.1695,0.1127,7.1,-0.2257,418913
46800,0.2800,0.1698,0.1108,7.1,-0.4410,419455
46900,0.4000,0.1703,0.1089,7.2,-0.1978,419929
47000,0.3500,0.1706,0.1070,7.2,-0.2974,420402
47100,0.4100,0.1711,0.1051,7.2,-0.1793,420920
47200,0.3500,0.1715,0.1032,7.1,-0.3035,421504
47300,0.3300,0.1719,0.1013,7.1,-0.3417,421999
47400,0.3400,0.1722,0.0994,7.1,-0.3179,422563
47500,0.4200,0.1728,0.0975,7.1,-0.1592,423045
47600,0.2400,0.1729,0.0956,7.0,-0.5202,423529
47700,0.4000,0.1734,0.0937,7.1,-0.2000,423951
47800,0.4100,0.1739,0.0918,7.1,-0.1799,424421
47900,0.3600,0.1743,0.0899,7.1,-0.2802,424903
48000,0.3100,0.1745,0.0880,7.1,-0.3811,425457
48100,0.3700,0.1749,0.0861,6.6,-0.2590,425945
48200,0.3800,0.1753,0.0842,6.9,-0.2439,426420
48300,0.2900,0.1756,0.0823,7.1,-0.4219,426793
48400,0.4000,0.1760,0.0804,7.2,-0.1980,427247
48500,0.3200,0.1763,0.0785,7.3,-0.3601,427765
48600,0.2500,0.1765,0.0766,7.3,-0.5042,428190
48700,0.3100,0.1768,0.0747,7.3,-0.3797,428681
48800,0.3200,0.1770,0.0728,7.4,-0.3596,429121
48900,0.3800,0.1775,0.0709,7.3,-0.2374,429588
49000,0.2600,0.1776,0.0690,7.4,-0.4776,430068
49100,0.3800,0.1780,0.0671,7.4,-0.2415,430580
49200,0.3700,0.1784,0.0652,7.4,-0.2608,431048
49300,0.3700,0.1788,0.0633,7.4,-0.2605,431452
49400,0.3500,0.1792,0.0614,7.4,-0.2969,431880
49500,0.4500,0.1797,0.0595,7.4,-0.1015,432336
49600,0.4000,0.1802,0.0576,7.4,-0.2012,432807
49700,0.3800,0.1806,0.0557,7.3,-0.2393,433175
49800,0.3800,0.1810,0.0538,7.4,-0.2376,433573
49900,0.3500,0.1813,0.0519,7.4,-0.3048,434039
50000,0.3200,0.1816,0.0500,7.4,-0.3545,434536
50100,0.3300,0.1819,0.0500,6.3,-0.3441,435010
50200,0.3500,0.1822,0.0500,6.4,-0.3015,435462
50300,0.3600,0.1826,0.0500,6.8,-0.2778,435926
50400,0.3500,0.1829,0.0500,7.0,-0.2999,436291
50500,0.3800,0.1833,0.0500,7.1,-0.2367,436754
50600,0.4000,0.1837,0.0500,7.1,-0.2036,437263
50700,0.3900,0.1842,0.0500,7.1,-0.2185,437691
50800,0.3000,0.1844,0.0500,7.1,-0.4044,438125
50900,0.3700,0.1848,0.0500,7.0,-0.2577,438645
51000,0.4400,0.1853,0.0500,7.1,-0.1187,439080
51100,0.4200,0.1857,0.0500,7.1,-0.1610,439554
51200,0.2800,0.1859,0.0500,7.1,-0.4429,440047
51300,0.4000,0.1864,0.0500,7.0,-0.1940,440539
51400,0.3400,0.1867,0.0500,7.0,-0.3215,440869
51500,0.3300,0.1869,0.0500,7.1,-0.3423,441345
51600,0.4100,0.1874,0.0500,7.0,-0.1792,441706
51700,0.3700,0.1877,0.0500,7.0,-0.2591,442165
51800,0.3400,0.1880,0.0500,7.0,-0.3200,442681
51900,0.3800,0.1884,0.0500,7.1,-0.2395,443165
52000,0.3500,0.1887,0.0500,7.0,-0.3009,443654
52100,0.3200,0.1889,0.0500,7.0,-0.3625,444117
52200,0.3600,0.1893,0.0500,7.1,-0.2831,444545
52300,0.3900,0.1897,0.0500,7.0,-0.2123,445013
52400,0.4300,0.1901,0.0500,7.2,-0.1472,445357
52500,0.3000,0.1903,0.0500,7.2,-0.3977,445846
52600,0.4300,0.1908,0.0500,7.1,-0.1396,446361
52700,0.4200,0.1912,0.0500,7.1,-0.1602,446802
52800,0.3000,0.1914,0.0500,7.1,-0.4001,447263
52900,0.3400,0.1917,0.0500,7.1,-0.3178,447629
53000,0.3400,0.1920,0.0500,7.2,-0.3188,448000
53100,0.3700,0.1923,0.0500,7.1,-0.2631,448498
53200,0.2900,0.1925,0.0500,7.1,-0.4175,449036
53300,0.3700,0.1928,0.0500,7.0,-0.2593,449467
53400,0.4400,0.1933,0.0500,7.1,-0.1246,449922
53500,0.2700,0.1934,0.0500,7.1,-0.4599,450346
53600,0.4300,0.1939,0.0500,7.0,-0.1345,450792
53700,0.3200,0.1941,0.0500,7.0,-0.3584,451244
53800,0.4200,0.1945,0.0500,7.1,-0.1703,451650
53900,0.3800,0.1949,0.0500,7.0,-0.2325,452082
54000,0.4800,0.1954,0.0500,7.0,-0.0446,452433
54100,0.2800,0.1956,0.0500,6.4,-0.4430,453013
54200,0.3500,0.1958,0.0500,6.5,-0.3009,453509
54300,0.3500,0.1961,0.0500,6.7,-0.3010,453872
54400,0.4300,0.1966,0.0500,6.8,-0.1376,454367
54500,0.3800,0.1969,0.0500,6.8,-0.2414,454827
54600,0.3500,0.1972,0.0500,6.9,-0.2989,455290
54700,0.4000,0.1976,0.0500,6.9,-0.2001,455794
54800,0.3500,0.1979,0.0500,6.9,-0.3045,456213
54900,0.4500,0.1983,0.0500,6.9,-0.0933,456650
55000,0.3500,0.1986,0.0500,6.8,-0.3055,457114
55100,0.3600,0.1989,0.0500,6.9,-0.2788,457559
55200,0.4000,0.1993,0.0500,7.0,-0.2012,457963
55300,0.3300,0.1995,0.0500,6.9,-0.3312,458354
55400,0.3600,0.1998,0.0500,6.9,-0.2863,458791
55500,0.3700,0.2001,0.0500,7.0,-0.2584,459247
55600,0.3200,0.2003,0.0500,6.9,-0.3619,459724
55700,0.4000,0.2007,0.0500,6.9,-0.1944,460133
55800,0.3900,0.2010,0.0500,6.9,-0.2284,460574
55900,0.3500,0.2013,0.0500,6.9,-0.2955,461007
56000,0.4100,0.2016,0.0500,6.9,-0.1842,461470
56100,0.3900,0.2019,0.0500,7.1,-0.2195,461877
56200,0.4300,0.2023,0.0500,7.1,-0.1430,462262
56300,0.4000,0.2027,0.0500,7.1,-0.2033,462594
56400,0.3700,0.2030,0.0500,7.1,-0.2570,463014
56500,0.3300,0.2032,0.0500,7.1,-0.3420,463387
56600,0.3300,0.2034,0.0500,7.0,-0.3343,463906
56700,0.3300,0.2037,0.0500,7.0,-0.3406,464379
56800,0.3300,0.2039,0.0500,7.1,-0.3437,464808
56900,0.3500,0.2041,0.0500,7.1,-0.2992,465177
57000,0.2800,0.2043,0.0500,7.1,-0.4353,465659
57100,0.2700,0.2044,0.0500,7.0,-0.4647,466174
57200,0.3100,0.2046,0.0500,7.1,-0.3808,466544
57300,0.3100,0.2048,0.0500,7.0,-0.3820,466982
57400,0.3800,0.2051,0.0500,7.0,-0.2375,467400
57500,0.3400,0.2053,0.0500,7.1,-0.3208,467836
57600,0.3000,0.2055,0.0500,7.0,-0.3991,468226
57700,0.3000,0.2056,0.0500,7.1,-0.4009,468659
57800,0.3000,0.2058,0.0500,7.1,-0.4011,469085
57900,0.2700,0.2059,0.0500,7.1,-0.4605,469529
58000,0.4000,0.2063,0.0500,7.0,-0.1984,469929
58100,0.3100,0.2065,0.0500,6.9,-0.3850,470462
58200,0.3100,0.2066,0.0500,6.9,-0.3778,470872
58300,0.4100,0.2070,0.0500,7.0,-0.1795,471303
58400,0.3600,0.2073,0.0500,7.1,-0.2837,471720
58500,0.4700,0.2077,0.0500,7.1,-0.0551,472093
58600,0.2500,0.2078,0.0500,7.1,-0.5029,472446
58700,0.2800,0.2079,0.0500,7.0,-0.4386,473039
58800,0.3200,0.2081,0.0500,7.1,-0.3628,473446
58900,0.3600,0.2084,0.0500,7.1,-0.2739,473817
59000,0.3500,0.2086,0.0500,7.1,-0.3032,474202
59100,0.3700,0.2089,0.0500,7.0,-0.2573,474604
59200,0.3100,0.2091,0.0500,7.1,-0.3825,475011
59300,0.3300,0.2093,0.0500,7.1,-0.3414,475479
59400,0.3100,0.2095,0.0500,7.1,-0.3804,475933
59500,0.3800,0.2097,0.0500,7.1,-0.2396,476343
59600,0.3200,0.2099,0.0500,7.0,-0.3604,476752
59700,0.3100,0.2101,0.0500,7.1,-0.3808,477120
59800,0.2800,0.2102,0.0500,7.1,-0.4380,477583
59900,0.2700,0.2103,0.0500,7.1,-0.4606,478027
60000,0.3100,0.2105,0.0500,7.0,-0.3804,478511
60100,0.3600,0.2107,0.0500,7.5,-0.2746,478881
60200,0.2500,0.2108,0.0500,7.6,-0.5076,479289
60300,0.2800,0.2109,0.0500,7.3,-0.4402,479801
60400,0.3900,0.2112,0.0500,7.3,-0.2205,480233
60500,0.3400,0.2114,0.0500,7.3,-0.3213,480618
60600,0.3200,0.2116,0.0500,7.4,-0.3606,481037
60700,0.2300,0.2117,0.0500,7.2,-0.5392,481490
60800,0.3900,0.2120,0.0500,7.3,-0.2224,481846
60900,0.3500,0.2122,0.0500,7.2,-0.3015,482271
61000,0.3000,0.2123,0.0500,7.3,-0.3995,482635
61100,0.3500,0.2126,0.0500,7.2,-0.2903,483010
61200,0.3300,0.2128,0.0500,7.2,-0.3468,483445
61300,0.3500,0.2130,0.0500,7.2,-0.3012,483828
61400,0.3200,0.2132,0.0500,7.2,-0.3553,484248
61500,0.2900,0.2133,0.0500,7.2,-0.4232,484600
61600,0.3500,0.2135,0.0500,7.2,-0.3010,485032
61700,0.2800,0.2136,0.0500,7.2,-0.4393,485447
61800,0.3100,0.2138,0.0500,7.2,-0.3806,485829
61900,0.3800,0.2140,0.0500,7.2,-0.2416,486198
62000,0.3500,0.2143,0.0500,7.2,-0.2960,486586
62100,0.3800,0.2146,0.0500,7.3,-0.2471,486934
62200,0.2600,0.2146,0.0500,7.2,-0.4785,487361
62300,0.2900,0.2148,0.0500,7.2,-0.4194,487737
62400,0.3400,0.2150,0.0500,7.2,-0.3195,488289
62500,0.2800,0.2151,0.0500,7.2,-0.4393,488713
62600,0.2900,0.2152,0.0500,7.1,-0.4171,489097
62700,0.3300,0.2154,0.0500,7.1,-0.3428,489598
62800,0.3100,0.2155,0.0500,7.1,-0.3771,490035
62900,0.3100,0.2157,0.0500,7.1,-0.3798,490532
63000,0.3900,0.2160,0.0500,7.1,-0.2221,490865
63100,0.2900,0.2161,0.0500,7.0,-0.4192,491157
63200,0.4400,0.2164,0.0500,7.1,-0.1175,491531
63300,0.2900,0.2166,0.0500,7.0,-0.4226,492103
63400,0.3700,0.2168,0.0500,7.0,-0.2614,492566
63500,0.3900,0.2171,0.0500,7.0,-0.2195,493037
63600,0.3500,0.2173,0.0500,7.0,-0.2998,493392
63700,0.3600,0.2175,0.0500,7.0,-0.2841,493750
63800,0.4000,0.2178,0.0500,7.1,-0.1925,494141
63900,0.3200,0.2179,0.0500,7.1,-0.3636,494598
64000,0.3200,0.2181,0.0500,7.0,-0.3593,495048
64100,0.3200,0.2183,0.0500,7.1,-0.3612,495445
64200,0.3600,0.2185,0.0500,7.4,-0.2845,495825
64300,0.2500,0.2185,0.0500,7.3,-0.5003,496312
64400,0.3600,0.2187,0.0500,7.2,-0.2812,496720
64500,0.3200,0.2189,0.0500,7.2,-0.3535,497115
64600,0.3600,0.2191,0.0500,7.2,-0.2835,497509
64700,0.2500,0.2192,0.0500,7.1,-0.5020,497865
64800,0.3900,0.2194,0.0500,7.2,-0.2165,498268
64900,0.3200,0.2196,0.0500,7.1,-0.3626,498730
65000,0.3400,0.2198,0.0500,7.2,-0.3201,499074
65100,0.3300,0.2200,0.0500,7.2,-0.3319,499455
65200,0.2900,0.2201,0.0500,7.2,-0.4182,499888
65300,0.3400,0.2202,0.0500,7.1,-0.3283,500304
65400,0.2500,0.2203,0.0500,7.2,-0.5016,500638
65500,0.3100,0.2204,0.0500,7.2,-0.3779,501046
65600,0.3600,0.2207,0.0500,7.1,-0.2740,501400
65700,0.2500,0.2207,0.0500,7.2,-0.5050,501723
65800,0.3800,0.2209,0.0500,7.2,-0.2421,502068
65900,0.3600,0.2212,0.0500,7.2,-0.2736,502510
66000,0.4300,0.2215,0.0500,7.1,-0.1459,502861
66100,0.2700,0.2216,0.0500,7.0,-0.4628,503258
66200,0.2500,0.2216,0.0500,6.8,-0.4979,503645
66300,0.3100,0.2217,0.0500,6.9,-0.3841,504082
66400,0.4100,0.2220,0.0500,6.9,-0.1781,504477
66500,0.2800,0.2221,0.0500,7.0,-0.4419,504906
66600,0.3000,0.2222,0.0500,7.0,-0.4006,505312
66700,0.3400,0.2224,0.0500,7.0,-0.3156,505707
66800,0.3800,0.2227,0.0500,6.9,-0.2415,506137
66900,0.3700,0.2229,0.0500,7.0,-0.2600,506467
67000,0.4200,0.2232,0.0500,7.0,-0.1586,506790
67100,0.3400,0.2234,0.0500,7.1,-0.3251,507141
67200,0.3200,0.2235,0.0500,7.1,-0.3566,507569
67300,0.2900,0.2236,0.0500,7.1,-0.4182,507923
67400,0.4100,0.2239,0.0500,7.1,-0.1839,508317
67500,0.3200,0.2240,0.0500,7.1,-0.3602,508661
67600,0.3000,0.2242,0.0500,7.0,-0.3960,509057
67700,0.2900,0.2243,0.0500,7.1,-0.4185,509373
67800,0.3200,0.2244,0.0500,7.1,-0.3665,509732
67900,0.4600,0.2248,0.0500,7.1,-0.0784,510058
68000,0.2900,0.2249,0.0500,7.0,-0.4180,510466
68100,0.4600,0.2252,0.0500,6.9,-0.0849,510802
68200,0.3200,0.2254,0.0500,6.9,-0.3600,511240
68300,0.4000,0.2256,0.0500,6.9,-0.1988,511603
68400,0.3100,0.2258,0.0500,6.8,-0.3740,512015
68500,0.3500,0.2259,0.0500,6.9,-0.3046,512403
68600,0.2900,0.2260,0.0500,6.8,-0.4224,512866
68700,0.3700,0.2262,0.0500,6.8,-0.2545,513315
68800,0.3000,0.2264,0.0500,6.8,-0.4056,513709
68900,0.3200,0.2265,0.0500,6.9,-0.3628,514096
69000,0.2400,0.2265,0.0500,6.9,-0.5155,514401
69100,0.4200,0.2268,0.0500,6.9,-0.1609,514841
69200,0.3100,0.2269,0.0500,7.0,-0.3814,515190
69300,0.3300,0.2271,0.0500,7.0,-0.3324,515489
69400,0.4400,0.2274,0.0500,7.0,-0.1207,515871
69500,0.2900,0.2275,0.0500,7.0,-0.4238,516301
69600,0.4400,0.2278,0.0500,7.0,-0.1183,516685
69700,0.4000,0.2280,0.0500,7.0,-0.2020,517112
69800,0.3300,0.2282,0.0500,7.0,-0.3409,517523
69900,0.3300,0.2283,0.0500,7.1,-0.3355,517826
70000,0.3600,0.2285,0.0500,7.0,-0.2820,518186
70100,0.2800,0.2286,0.0500,6.9,-0.4436,518553
70200,0.3200,0.2287,0.0500,7.1,-0.3600,518950
70300,0.3700,0.2289,0.0500,7.2,-0.2577,519263
70400,0.3500,0.2291,0.0500,7.2,-0.3045,519708
70500,0.2600,0.2291,0.0500,7.2,-0.4804,520142
70600,0.3900,0.2293,0.0500,7.2,-0.2165,520449
70700,0.3200,0.2295,0.0500,7.1,-0.3625,520811
70800,0.4200,0.2297,0.0500,7.2,-0.1609,521206
70900,0.2500,0.2298,0.0500,7.1,-0.4975,521604
71000,0.2900,0.2299,0.0500,7.2,-0.4215,522060
71100,0.2400,0.2299,0.0500,7.1,-0.5156,522435
71200,0.2200,0.2299,0.0500,7.2,-0.5601,522680
71300,0.3200,0.2300,0.0500,7.1,-0.3663,523024
71400,0.2700,0.2301,0.0500,7.2,-0.4560,523442
71500,0.3300,0.2302,0.0500,7.2,-0.3408,523854
71600,0.3900,0.2304,0.0500,7.1,-0.2190,524352
71700,0.3500,0.2306,0.0500,7.1,-0.2961,524716
71800,0.3400,0.2308,0.0500,7.2,-0.3235,525127
71900,0.3500,0.2309,0.0500,7.2,-0.3020,525492
72000,0.3300,0.2311,0.0500,7.1,-0.3404,525784
72100,0.3200,0.2312,0.0500,6.8,-0.3624,526153
72200,0.2700,0.2313,0.0500,7.0,-0.4606,526534
72300,0.3600,0.2315,0.0500,7.1,-0.2832,526863
72400,0.3000,0.2315,0.0500,7.2,-0.3972,527224
72500,0.4000,0.2318,0.0500,7.1,-0.1992,527619
72600,0.3000,0.2319,0.0500,7.1,-0.4035,527956
72700,0.3400,0.2320,0.0500,7.1,-0.3181,528316
72800,0.3700,0.2322,0.0500,7.2,-0.2586,528800
72900,0.3700,0.2324,0.0500,7.1,-0.2639,529154
73000,0.3800,0.2326,0.0500,7.2,-0.2327,529519
73100,0.3400,0.2328,0.0500,7.1,-0.3231,529935
73200,0.3300,0.2329,0.0500,7.1,-0.3380,530300
73300,0.4400,0.2332,0.0500,7.0,-0.1204,530716
73400,0.4200,0.2334,0.0500,7.1,-0.1540,531088
73500,0.3600,0.2336,0.0500,7.1,-0.2885,531557
73600,0.4500,0.2339,0.0500,7.0,-0.0962,531840
73700,0.3800,0.2341,0.0500,7.1,-0.2429,532267
73800,0.3200,0.2342,0.0500,7.1,-0.3599,532599
73900,0.3300,0.2343,0.0500,7.1,-0.3431,532992
74000,0.3100,0.2344,0.0500,7.0,-0.3786,533418
74100,0.2900,0.2345,0.0500,7.3,-0.4233,533814
74200,0.3200,0.2346,0.0500,7.3,-0.3604,534142
74300,0.4000,0.2348,0.0500,7.1,-0.2004,534506
74400,0.3300,0.2349,0.0500,7.1,-0.3370,534897
74500,0.3900,0.2352,0.0500,7.1,-0.2201,535251
74600,0.4000,0.2354,0.0500,7.0,-0.2026,535649
74700,0.2600,0.2354,0.0500,6.9,-0.4790,536058
74800,0.4000,0.2356,0.0500,6.8,-0.1982,536433
74900,0.3600,0.2358,0.0500,6.9,-0.2785,536872
75000,0.3200,0.2359,0.0500,6.9,-0.3655,537222
